{"timestamps":
[1535931296.424585, 1535931297.841537, 1535931298.708272, 1535931299.393419, 1535931299.668804],
  "initial_reset_timestamp": 1535931293.911552, "episode_types": ["t", "t", "t", "t", "t"],
  "episode_lengths": [14, 41, 23, 18, 17], "episode_rewards": [14.0, 41.0, 23.0, 18.0, 17.0]}